Date,Prediction,Training,Validation
2012-12-14,,33.78,
2012-12-17,,33.77,
2012-12-18,,34.26,
2012-12-19,,34.75,
2012-12-20,,34.51,
2012-12-21,,33.94,
2012-12-24,,33.64,
2012-12-26,,33.96,
2012-12-27,,33.5,
2012-12-28,,33.38,
2012-12-31,,33.0,
2013-01-02,,35.0,
2013-01-03,,35.18,
2013-01-04,,34.8,
2013-01-07,,34.8,
2013-01-08,,34.5,
2013-01-09,,34.01,
2013-01-10,,33.87,
2013-01-11,,34.04,
2013-01-14,,33.08,
2013-01-15,,33.11,
2013-01-16,,33.85,
2013-01-17,,34.16,
2013-01-18,,34.74,
2013-01-22,,34.56,
2013-01-23,,35.02,
2013-01-24,,36.0,
2013-01-25,,37.0,
2013-01-28,,36.86,
2013-01-29,,38.1,
2013-01-30,,37.85,
2013-01-31,,37.87,
2013-02-01,,38.17,
2013-02-04,,38.4,
2013-02-05,,38.0,
2013-02-06,,38.18,
2013-02-07,,39.19,
2013-02-08,,39.45,
2013-02-11,,37.98,
2013-02-12,,38.45,
2013-02-13,,38.3,
2013-02-14,,38.64,
2013-02-15,,38.5,
2013-02-19,,37.36,
2013-02-20,,39.3,
2013-02-21,,36.49,
2013-02-22,,35.72,
2013-02-25,,36.15,
2013-02-26,,34.46,
2013-02-27,,34.41,
2013-02-28,,35.89,
2013-03-01,,35.0,
2013-03-04,,34.77,
2013-03-05,,36.0,
2013-03-06,,37.01,
2013-03-07,,37.73,
2013-03-08,,38.06,
2013-03-11,,38.87,
2013-03-12,,38.9,
2013-03-13,,39.0,
2013-03-14,,38.9,
2013-03-15,,36.64,
2013-03-18,,35.3,
2013-03-19,,35.25,
2013-03-20,,35.26,
2013-03-21,,35.95,
2013-03-22,,36.2,
2013-03-25,,37.1,
2013-03-26,,37.98,
2013-03-27,,37.94,
2013-03-28,,38.23,
2013-04-01,,42.36,
2013-04-02,,43.6,
2013-04-03,,43.1,
2013-04-04,,41.11,
2013-04-05,,42.0,
2013-04-08,,41.97,
2013-04-09,,41.8,
2013-04-10,,40.7,
2013-04-11,,42.06,
2013-04-12,,43.25,
2013-04-15,,43.5,
2013-04-16,,44.19,
2013-04-17,,45.5,
2013-04-18,,45.98,
2013-04-19,,47.46,
2013-04-22,,48.6,
2013-04-23,,51.0,
2013-04-24,,50.9,
2013-04-25,,50.5,
2013-04-26,,53.13,
2013-04-29,,51.76,
2013-04-30,,56.0,
2013-05-01,,55.99,
2013-05-02,,53.85,
2013-05-03,,56.47,
2013-05-06,,56.39,
2013-05-07,,62.0,
2013-05-08,,57.5,
2013-05-09,,70.12,
2013-05-10,,69.65,
2013-05-13,,80.99,
2013-05-14,,94.22,
2013-05-15,,81.8,
2013-05-16,,94.7,
2013-05-17,,92.5,
2013-05-20,,91.12,
2013-05-21,,88.5,
2013-05-22,,86.37,
2013-05-23,,84.81,
2013-05-24,,92.6,
2013-05-28,,101.55,
2013-05-29,,113.55,
2013-05-30,,102.46,
2013-05-31,,106.26,
2013-06-03,,97.62,
2013-06-04,,92.75,
2013-06-05,,93.66,
2013-06-06,,95.25,
2013-06-07,,98.0,
2013-06-10,,98.93,
2013-06-11,,98.18,
2013-06-12,,96.8,
2013-06-13,,99.0,
2013-06-14,,100.0,
2013-06-17,,103.6,
2013-06-18,,101.75,
2013-06-19,,102.06,
2013-06-20,,104.65,
2013-06-21,,103.7,
2013-06-24,,96.5,
2013-06-25,,103.1,
2013-06-26,,103.8,
2013-06-27,,106.75,
2013-06-28,,108.57,
2013-07-01,,109.36,
2013-07-02,,118.25,
2013-07-03,,118.0,
2013-07-05,,118.32,
2013-07-08,,121.37,
2013-07-09,,124.64,
2013-07-10,,123.19,
2013-07-11,,124.88,
2013-07-12,,125.5,
2013-07-15,,133.03,
2013-07-16,,126.28,
2013-07-17,,106.52,
2013-07-18,,120.97,
2013-07-19,,118.5,
2013-07-22,,119.89,
2013-07-23,,124.0,
2013-07-24,,124.47,
2013-07-25,,120.4,
2013-07-26,,128.14,
2013-07-29,,129.32,
2013-07-30,,134.8,
2013-07-31,,132.57,
2013-08-01,,135.0,
2013-08-02,,134.59,
2013-08-05,,140.01,
2013-08-06,,144.75,
2013-08-07,,141.89,
2013-08-08,,154.35,
2013-08-09,,152.4,
2013-08-12,,149.43,
2013-08-13,,149.5,
2013-08-14,,142.72,
2013-08-15,,136.43,
2013-08-16,,141.63,
2013-08-19,,143.43,
2013-08-20,,148.65,
2013-08-21,,150.0,
2013-08-22,,149.22,
2013-08-23,,157.0,
2013-08-26,,165.15,
2013-08-27,,162.3,
2013-08-28,,169.06,
2013-08-29,,164.22,
2013-08-30,,166.37,
2013-09-03,,173.4,
2013-09-04,,169.77,
2013-09-05,,170.1,
2013-09-06,,168.57,
2013-09-09,,163.12,
2013-09-10,,161.45,
2013-09-11,,166.41,
2013-09-12,,164.0,
2013-09-13,,162.77,
2013-09-16,,168.0,
2013-09-17,,165.08,
2013-09-18,,167.07,
2013-09-19,,170.8,
2013-09-20,,178.9,
2013-09-23,,184.48,
2013-09-24,,179.14,
2013-09-25,,183.56,
2013-09-26,,186.7,
2013-09-27,,187.52,
2013-09-30,,189.0,
2013-10-01,,193.96,
2013-10-02,,188.59,
2013-10-03,,175.05,
2013-10-04,,176.4,
2013-10-07,,182.46,
2013-10-08,,184.4,
2013-10-09,,174.73,
2013-10-10,,173.09,
2013-10-11,,172.75,
2013-10-14,,175.0,
2013-10-15,,185.28,
2013-10-16,,184.9,
2013-10-17,,183.54,
2013-10-18,,184.15,
2013-10-21,,183.28,
2013-10-22,,170.5,
2013-10-23,,168.91,
2013-10-24,,165.0,
2013-10-25,,174.21,
2013-10-28,,170.18,
2013-10-29,,162.76,
2013-10-30,,164.63,
2013-10-31,,155.67,
2013-11-01,,163.0,
2013-11-04,,165.0,
2013-11-05,,180.0,
2013-11-06,,154.81,
2013-11-07,,144.19,
2013-11-08,,136.48,
2013-11-11,,141.0,
2013-11-12,,144.69,
2013-11-13,,140.84,
2013-11-14,,138.92,
2013-11-15,,136.85,
2013-11-18,,135.27,
2013-11-19,,119.43,
2013-11-20,,126.08,
2013-11-21,,122.89,
2013-11-22,,121.58,
2013-11-25,,124.5,
2013-11-26,,119.38,
2013-11-27,,121.31,
2013-11-29,,129.77,
2013-12-02,,126.35,
2013-12-03,,132.68,
2013-12-04,,144.32,
2013-12-05,,140.15,
2013-12-06,,141.51,
2013-12-09,,137.0,
2013-12-10,,140.05,
2013-12-11,,141.88,
2013-12-12,,139.7,
2013-12-13,,148.05,
2013-12-16,,148.48,
2013-12-17,,147.58,
2013-12-18,,152.24,
2013-12-19,,146.9,
2013-12-20,,141.58,
2013-12-23,,144.85,
2013-12-24,,150.0,
2013-12-26,,155.04,
2013-12-27,,155.3,
2013-12-30,,151.12,
2013-12-31,,152.32,
2014-01-02,,149.8,
2014-01-03,,150.0,
2014-01-06,,150.0,
2014-01-07,,147.62,
2014-01-08,,148.85,
2014-01-09,,152.5,
2014-01-10,,148.46,
2014-01-13,,145.78,
2014-01-14,,140.5,
2014-01-15,,168.45,
2014-01-16,,162.5,
2014-01-17,,170.19,
2014-01-21,,171.24,
2014-01-22,,177.81,
2014-01-23,,177.23,
2014-01-24,,177.85,
2014-01-27,,175.16,
2014-01-28,,171.5,
2014-01-29,,175.3,
2014-01-30,,178.0,
2014-01-31,,178.85,
2014-02-03,,182.89,
2014-02-04,,180.7,
2014-02-05,,178.3,
2014-02-06,,176.3,
2014-02-07,,181.01,
2014-02-10,,189.34,
2014-02-11,,198.97,
2014-02-12,,195.78,
2014-02-13,,193.34,
2014-02-14,,198.1,
2014-02-18,,205.24,
2014-02-19,,203.7,
2014-02-20,,215.01,
2014-02-21,,211.64,
2014-02-24,,208.76,
2014-02-25,,230.0,
2014-02-26,,258.58,
2014-02-27,,261.25,
2014-02-28,,249.65,
2014-03-03,,237.26,
2014-03-04,,258.48,
2014-03-05,,256.72,
2014-03-06,,254.14,
2014-03-07,,252.94,
2014-03-10,,242.7,
2014-03-11,,236.5,
2014-03-12,,231.5,
2014-03-13,,243.79,
2014-03-14,,235.29,
2014-03-17,,234.95,
2014-03-18,,236.95,
2014-03-19,,241.39,
2014-03-20,,236.16,
2014-03-21,,236.02,
2014-03-24,,229.75,
2014-03-25,,224.14,
2014-03-26,,221.95,
2014-03-27,,212.37,
2014-03-28,,212.8,
2014-03-31,,216.5,
2014-04-01,,209.02,
2014-04-02,,220.0,
2014-04-03,,230.3,
2014-04-04,,226.01,
2014-04-07,,205.81,
2014-04-08,,210.05,
2014-04-09,,216.76,
2014-04-10,,216.82,
2014-04-11,,200.61,
2014-04-14,,207.6,
2014-04-15,,199.09,
2014-04-16,,197.0,
2014-04-17,,199.61,
2014-04-21,,197.08,
2014-04-22,,206.36,
2014-04-23,,216.33,
2014-04-24,,210.81,
2014-04-25,,202.0,
2014-04-28,,200.0,
2014-04-29,,198.21,
2014-04-30,,203.6,
2014-05-01,,207.08,
2014-05-02,,208.6,
2014-05-05,,209.48,
2014-05-06,,216.6,
2014-05-07,,209.64,
2014-05-08,,182.0,
2014-05-09,,179.86,
2014-05-12,,183.87,
2014-05-13,,183.76,
2014-05-14,,188.95,
2014-05-15,,189.98,
2014-05-16,,188.95,
2014-05-19,,190.72,
2014-05-20,,196.94,
2014-05-21,,196.18,
2014-05-22,,200.35,
2014-05-23,,204.53,
2014-05-27,,208.52,
2014-05-28,,210.02,
2014-05-29,,210.57,
2014-05-30,,210.3,
2014-06-02,,207.33,
2014-06-03,,203.49,
2014-06-04,,204.35,
2014-06-05,,204.47,
2014-06-06,,209.75,
2014-06-09,,207.95,
2014-06-10,,204.43,
2014-06-11,,201.5,
2014-06-12,,205.1,
2014-06-13,,204.78,
2014-06-16,,206.76,
2014-06-17,,224.11,
2014-06-18,,231.5,
2014-06-19,,228.88,
2014-06-20,,228.52,
2014-06-23,,229.51,
2014-06-24,,238.97,
2014-06-25,,233.05,
2014-06-26,,237.17,
2014-06-27,,234.69,
2014-06-30,,239.55,
2014-07-01,,242.46,
2014-07-02,,240.66,
2014-07-03,,231.29,
2014-07-07,,227.5,
2014-07-08,,218.65,
2014-07-09,,221.27,
2014-07-10,,217.18,
2014-07-11,,220.61,
2014-07-14,,219.99,
2014-07-15,,226.73,
2014-07-16,,221.82,
2014-07-17,,216.16,
2014-07-18,,215.95,
2014-07-21,,217.25,
2014-07-22,,222.19,
2014-07-23,,220.01,
2014-07-24,,223.25,
2014-07-25,,222.72,
2014-07-28,,224.25,
2014-07-29,,226.61,
2014-07-30,,221.92,
2014-07-31,,229.26,
2014-08-01,,226.09,
2014-08-04,,234.38,
2014-08-05,,237.47,
2014-08-06,,238.9,
2014-08-07,,250.12,
2014-08-08,,251.16,
2014-08-11,,255.48,
2014-08-12,,258.08,
2014-08-13,,262.01,
2014-08-14,,262.49,
2014-08-15,,261.48,
2014-08-18,,263.25,
2014-08-19,,258.87,
2014-08-20,,254.67,
2014-08-21,,256.52,
2014-08-22,,254.54,
2014-08-25,,258.19,
2014-08-26,,264.98,
2014-08-27,,263.5,
2014-08-28,,261.89,
2014-08-29,,268.7,
2014-09-02,,275.5,
2014-09-03,,287.67,
2014-09-04,,284.01,
2014-09-05,,282.55,
2014-09-08,,277.62,
2014-09-09,,282.99,
2014-09-10,,279.5,
2014-09-11,,280.46,
2014-09-12,,280.5,
2014-09-15,,274.37,
2014-09-16,,255.15,
2014-09-17,,262.41,
2014-09-18,,263.36,
2014-09-19,,257.99,
2014-09-22,,255.0,
2014-09-23,,245.22,
2014-09-24,,251.12,
2014-09-25,,252.52,
2014-09-26,,248.25,
2014-09-29,,244.0,
2014-09-30,,246.92,
2014-10-01,,242.2,
2014-10-02,,250.2,
2014-10-03,,253.06,
2014-10-06,,259.13,
2014-10-07,,258.53,
2014-10-08,,260.1,
2014-10-09,,262.25,
2014-10-10,,244.64,
2014-10-13,,238.57,
2014-10-14,,228.25,
2014-10-15,,220.0,
2014-10-16,,219.72,
2014-10-17,,233.38,
2014-10-20,,226.72,
2014-10-21,,234.27,
2014-10-22,,233.19,
2014-10-23,,234.66,
2014-10-24,,236.27,
2014-10-27,,234.25,
2014-10-28,,229.6,
2014-10-29,,241.13,
2014-10-30,,238.14,
2014-10-31,,242.51,
2014-11-03,,243.0,
2014-11-04,,240.49,
2014-11-05,,241.0,
2014-11-06,,234.49,
2014-11-07,,242.19,
2014-11-10,,239.11,
2014-11-11,,242.55,
2014-11-12,,249.72,
2014-11-13,,250.62,
2014-11-14,,250.0,
2014-11-17,,257.49,
2014-11-18,,255.86,
2014-11-19,,250.61,
2014-11-20,,247.95,
2014-11-21,,252.21,
2014-11-24,,245.2,
2014-11-25,,247.35,
2014-11-26,,248.34,
2014-11-28,,245.35,
2014-12-01,,241.16,
2014-12-02,,234.57,
2014-12-03,,226.25,
2014-12-04,,228.6,
2014-12-05,,228.67,
2014-12-08,,221.54,
2014-12-09,,209.34,
2014-12-10,,214.13,
2014-12-11,,210.53,
2014-12-12,,204.82,
2014-12-15,,209.29,
2014-12-16,,200.89,
2014-12-17,,193.06,
2014-12-18,,212.38,
2014-12-19,,220.19,
2014-12-22,,220.0,
2014-12-23,,223.81,
2014-12-24,,219.77,
2014-12-26,,221.51,
2014-12-29,,226.9,
2014-12-30,,223.99,
2014-12-31,,223.09,
2015-01-02,,222.87,
2015-01-05,,214.55,
2015-01-06,,210.06,
2015-01-07,,213.35,
2015-01-08,,212.81,
2015-01-09,,208.92,
2015-01-12,,203.05,
2015-01-13,,203.32,
2015-01-14,,185.83,
2015-01-15,,194.49,
2015-01-16,,190.7,
2015-01-20,,193.87,
2015-01-21,,189.55,
2015-01-22,,197.0,
2015-01-23,,200.29,
2015-01-26,,201.83,
2015-01-27,,204.42,
2015-01-28,,206.11,
2015-01-29,,201.07,
2015-01-30,,203.96,
2015-02-02,,203.97,
2015-02-03,,213.22,
2015-02-04,,218.29,
2015-02-05,,219.88,
2015-02-06,,222.0,
2015-02-09,,215.38,
2015-02-10,,217.55,
2015-02-11,,212.21,
2015-02-12,,193.57,
2015-02-13,,202.9,
2015-02-17,,205.7,
2015-02-18,,204.17,
2015-02-19,,205.0,
2015-02-20,,210.78,
2015-02-23,,215.66,
2015-02-24,,207.29,
2015-02-25,,204.94,
2015-02-26,,204.0,
2015-02-27,,206.9,
2015-03-02,,202.7,
2015-03-03,,196.81,
2015-03-04,,199.25,
2015-03-05,,202.85,
2015-03-06,,199.21,
2015-03-09,,194.39,
2015-03-10,,188.46,
2015-03-11,,191.15,
2015-03-12,,193.75,
2015-03-13,,188.95,
2015-03-16,,192.0,
2015-03-17,,195.43,
2015-03-18,,194.96,
2015-03-19,,202.0,
2015-03-20,,197.45,
2015-03-23,,198.5,
2015-03-24,,201.58,
2015-03-25,,198.27,
2015-03-26,,193.92,
2015-03-27,,189.07,
2015-03-30,,185.85,
2015-03-31,,193.53,
2015-04-01,,188.7,
2015-04-02,,190.23,
2015-04-06,,198.0,
2015-04-07,,202.51,
2015-04-08,,208.2,
2015-04-09,,208.43,
2015-04-10,,209.85,
2015-04-13,,210.44,
2015-04-14,,208.57,
2015-04-15,,207.46,
2015-04-16,,207.7,
2015-04-17,,204.99,
2015-04-20,,206.78,
2015-04-21,,205.8,
2015-04-22,,212.5,
2015-04-23,,218.27,
2015-04-24,,220.5,
2015-04-27,,222.56,
2015-04-28,,234.75,
2015-04-29,,230.05,
2015-04-30,,230.39,
2015-05-01,,229.94,
2015-05-04,,228.18,
2015-05-05,,237.76,
2015-05-06,,234.1,
2015-05-07,,221.0,
2015-05-08,,235.99,
2015-05-11,,236.29,
2015-05-12,,240.11,
2015-05-13,,247.61,
2015-05-14,,244.82,
2015-05-15,,243.93,
2015-05-18,,247.0,
2015-05-19,,248.43,
2015-05-20,,247.13,
2015-05-21,,243.03,
2015-05-22,,245.38,
2015-05-26,,247.68,
2015-05-27,,248.51,
2015-05-28,,247.03,
2015-05-29,,251.0,
2015-06-01,,251.41,
2015-06-02,,248.92,
2015-06-03,,248.2,
2015-06-04,,247.5,
2015-06-05,,246.0,
2015-06-08,,250.85,
2015-06-09,,255.4,
2015-06-10,,251.9,
2015-06-11,,253.26,
2015-06-12,,250.21,
2015-06-15,,249.7,
2015-06-16,,250.13,
2015-06-17,,252.17,
2015-06-18,,262.0,
2015-06-19,,262.4,
2015-06-22,,262.15,
2015-06-23,,260.32,
2015-06-24,,266.98,
2015-06-25,,266.45,
2015-06-26,,268.89,
2015-06-29,,261.95,
2015-06-30,,264.8,
2015-07-01,,271.11,
2015-07-02,,280.2,
2015-07-06,,278.88,
2015-07-07,,275.0,
2015-07-08,,259.32,
2015-07-09,,259.08,
2015-07-10,,262.22,
2015-07-13,,262.25,
2015-07-14,,262.1,
2015-07-15,,266.74,
2015-07-16,,264.22,
2015-07-17,,272.5,
2015-07-20,,275.0,
2015-07-21,,270.05,
2015-07-22,,261.27,
2015-07-23,,269.65,
2015-07-24,,267.38,
2015-07-27,,262.43,
2015-07-28,,255.75,
2015-07-29,,264.27,
2015-07-30,,262.69,
2015-07-31,,267.6,
2015-08-03,,266.29,
2015-08-04,,260.01,
2015-08-05,,263.58,
2015-08-06,,249.54,
2015-08-07,,243.58,
2015-08-10,,238.15,
2015-08-11,,237.15,
2015-08-12,,235.0,
2015-08-13,,239.86,
2015-08-14,,247.24,
2015-08-17,,255.56,
2015-08-18,,255.38,
2015-08-19,,260.33,
2015-08-20,,252.06,
2015-08-21,,236.0,
2015-08-24,,202.79,
2015-08-25,,230.52,
2015-08-26,,227.93,
2015-08-27,,231.0,
2015-08-28,,241.86,
2015-08-31,,245.62,
2015-09-01,,240.34,
2015-09-02,,245.3,
2015-09-03,,252.06,
2015-09-04,,240.89,
2015-09-08,,245.05,
2015-09-09,,252.05,
2015-09-10,,247.23,
2015-09-11,,247.64,
2015-09-14,,251.1,
2015-09-15,,252.75,
2015-09-16,,253.04,
2015-09-17,,263.96,
2015-09-18,,257.96,
2015-09-21,,263.98,
2015-09-22,,259.03,
2015-09-23,,261.95,
2015-09-24,,259.53,
2015-09-25,,266.61,
2015-09-28,,257.35,
2015-09-29,,250.46,
2015-09-30,,252.0,
2015-10-01,,247.51,
2015-10-02,,235.6,
2015-10-05,,248.84,
2015-10-06,,240.0,
2015-10-07,,236.63,
2015-10-08,,230.08,
2015-10-09,,220.93,
2015-10-12,,222.99,
2015-10-13,,213.28,
2015-10-14,,220.67,
2015-10-15,,216.43,
2015-10-16,,223.04,
2015-10-19,,226.5,
2015-10-20,,227.72,
2015-10-21,,211.99,
2015-10-22,,211.56,
2015-10-23,,215.0,
2015-10-26,,211.38,
2015-10-27,,214.84,
2015-10-28,,211.31,
2015-10-29,,211.75,
2015-10-30,,210.4,
2015-11-02,,208.92,
2015-11-03,,213.85,
2015-11-04,,227.0,
2015-11-05,,230.58,
2015-11-06,,230.7,
2015-11-09,,232.99,
2015-11-10,,223.48,
2015-11-11,,217.77,
2015-11-12,,217.85,
2015-11-13,,212.95,
2015-11-16,,206.09,
2015-11-17,,215.2,
2015-11-18,,214.5,
2015-11-19,,220.54,
2015-11-20,,223.49,
2015-11-23,,217.35,
2015-11-24,,215.37,
2015-11-25,,221.34,
2015-11-27,,231.06,
2015-11-30,,231.79,
2015-12-01,,231.06,
2015-12-02,,237.0,
2015-12-03,,235.48,
2015-12-04,,232.46,
2015-12-07,,227.7,
2015-12-08,,227.52,
2015-12-09,,226.7,
2015-12-10,,224.71,
2015-12-11,,225.24,
2015-12-14,,217.51,
2015-12-15,,221.82,
2015-12-16,,222.1,
2015-12-17,,233.94,
2015-12-18,,232.89,
2015-12-21,,231.69,
2015-12-22,,234.99,
2015-12-23,,232.18,
2015-12-24,,230.56,
2015-12-28,,231.49,
2015-12-29,,230.06,
2015-12-30,,236.6,
2015-12-31,,238.51,
2016-01-04,,230.72,
2016-01-05,,226.36,
2016-01-06,,220.0,
2016-01-07,,214.19,
2016-01-08,,217.86,
2016-01-11,,214.01,
2016-01-12,,211.6,
2016-01-13,,212.01,
2016-01-14,,202.21,
2016-01-15,,198.97,
2016-01-19,,208.71,
2016-01-20,,199.4,
2016-01-21,,201.55,
2016-01-22,,204.8,
2016-01-25,,200.06,
2016-01-26,,196.7,
2016-01-27,,192.38,
2016-01-28,,190.79,
2016-01-29,,189.95,
2016-02-01,,188.76,
2016-02-02,,192.42,
2016-02-03,,183.59,
2016-02-04,,170.7,
2016-02-05,,171.3,
2016-02-08,,157.1,
2016-02-09,,142.32,
2016-02-10,,150.5,
2016-02-11,,152.0,
2016-02-12,,155.0,
2016-02-16,,158.7,
2016-02-17,,159.0,
2016-02-18,,172.42,
2016-02-19,,163.66,
2016-02-22,,170.12,
2016-02-23,,176.16,
2016-02-24,,172.75,
2016-02-25,,178.65,
2016-02-26,,188.7,
2016-02-29,,192.4,
2016-03-01,,194.25,
2016-03-02,,183.73,
2016-03-03,,188.28,
2016-03-04,,198.0,
2016-03-07,,197.68,
2016-03-08,,203.5,
2016-03-09,,204.52,
2016-03-10,,210.0,
2016-03-11,,207.93,
2016-03-14,,212.65,
2016-03-15,,214.27,
2016-03-16,,218.0,
2016-03-17,,221.47,
2016-03-18,,229.1,
2016-03-21,,235.34,
2016-03-22,,237.21,
2016-03-23,,232.37,
2016-03-24,,215.78,
2016-03-28,,231.61,
2016-03-29,,229.89,
2016-03-30,,235.09,
2016-03-31,,229.34,
2016-04-01,,244.83,
2016-04-04,,249.12,
2016-04-05,,240.5,
2016-04-06,,253.97,
2016-04-07,,266.45,
2016-04-08,,260.5,
2016-04-11,,251.0,
2016-04-12,,249.5,
2016-04-13,,248.51,
2016-04-14,,253.0,
2016-04-15,,251.31,
2016-04-18,,252.23,
2016-04-19,,253.12,
2016-04-20,,246.26,
2016-04-21,,248.99,
2016-04-22,,248.89,
2016-04-25,,253.01,
2016-04-26,,252.05,
2016-04-27,,252.75,
2016-04-28,,249.85,
2016-04-29,,248.14,
2016-05-02,,241.5,
2016-05-03,,237.36,
2016-05-04,,230.29,
2016-05-05,,228.46,
2016-05-06,,210.87,
2016-05-09,,215.72,
2016-05-10,,207.55,
2016-05-11,,207.59,
2016-05-12,,211.44,
2016-05-13,,207.78,
2016-05-16,,208.15,
2016-05-17,,209.05,
2016-05-18,,209.15,
2016-05-19,,213.62,
2016-05-20,,216.99,
2016-05-23,,219.87,
2016-05-24,,216.6,
2016-05-25,,217.91,
2016-05-26,,220.5,
2016-05-27,,224.99,
2016-05-31,,223.04,
2016-06-01,,221.48,
2016-06-02,,219.59,
2016-06-03,,220.0,
2016-06-06,,218.0,
2016-06-07,,222.24,
2016-06-08,,233.8,
2016-06-09,,234.98,
2016-06-10,,227.39,
2016-06-13,,219.5,
2016-06-14,,218.88,
2016-06-15,,216.95,
2016-06-16,,217.42,
2016-06-17,,217.81,
2016-06-20,,219.5,
2016-06-21,,220.68,
2016-06-22,,199.47,
2016-06-23,,195.69,
2016-06-24,,190.05,
2016-06-27,,190.86,
2016-06-28,,201.89,
2016-06-29,,205.13,
2016-06-30,,212.97,
2016-07-01,,206.14,
2016-07-05,,209.73,
2016-07-06,,210.0,
2016-07-07,,213.1,
2016-07-08,,217.8,
2016-07-11,,219.96,
2016-07-12,,224.1,
2016-07-13,,225.5,
2016-07-14,,223.12,
2016-07-15,,222.52,
2016-07-18,,219.64,
2016-07-19,,225.0,
2016-07-20,,226.47,
2016-07-21,,226.0,
2016-07-22,,221.99,
2016-07-25,,222.27,
2016-07-26,,227.69,
2016-07-27,,229.34,
2016-07-28,,227.95,
2016-07-29,,230.7,
2016-08-01,,235.5,
2016-08-02,,229.37,
2016-08-03,,227.37,
2016-08-04,,225.69,
2016-08-05,,230.0,
2016-08-08,,228.0,
2016-08-09,,226.82,
2016-08-10,,228.24,
2016-08-11,,226.17,
2016-08-12,,225.41,
2016-08-15,,226.02,
2016-08-16,,225.49,
2016-08-17,,224.33,
2016-08-18,,223.82,
2016-08-19,,223.54,
2016-08-22,,224.17,
2016-08-23,,224.32,
2016-08-24,,227.05,
2016-08-25,,223.11,
2016-08-26,,222.14,
2016-08-29,,220.15,
2016-08-30,,216.11,
2016-08-31,,210.43,
2016-09-01,,209.01,
2016-09-02,,202.33,
2016-09-06,,199.02,
2016-09-07,,205.5,
2016-09-08,,199.55,
2016-09-09,,199.09,
2016-09-12,,195.0,
2016-09-13,,197.06,
2016-09-14,,195.75,
2016-09-15,,196.49,
2016-09-16,,200.42,
2016-09-19,,207.0,
2016-09-20,,206.85,
2016-09-21,,206.37,
2016-09-22,,206.4,
2016-09-23,,205.99,
2016-09-26,,206.5,
2016-09-27,,209.65,
2016-09-28,,207.51,
2016-09-29,,205.6,
2016-09-30,,202.21,
2016-10-03,,212.3,
2016-10-04,,213.1,
2016-10-05,,212.24,
2016-10-06,,202.46,
2016-10-07,,201.0,
2016-10-10,,201.35,
2016-10-11,,201.85,
2016-10-12,,200.95,
2016-10-13,,200.5,
2016-10-14,,200.66,
2016-10-17,,197.05,
2016-10-18,,195.99,
2016-10-19,,199.74,
2016-10-20,,202.12,
2016-10-21,,198.6,
2016-10-24,,201.0,
2016-10-25,,202.9,
2016-10-26,,201.0,
2016-10-27,,211.34,
2016-10-28,,204.0,
2016-10-31,,202.49,
2016-11-01,,198.04,
2016-11-02,,190.05,
2016-11-03,,189.0,
2016-11-04,,189.0,
2016-11-07,,193.59,
2016-11-08,,193.79,
2016-11-09,,186.88,
2016-11-10,,191.05,
2016-11-11,,184.24,
2016-11-14,,188.0,
2016-11-15,,182.78,
2016-11-16,,182.65,
2016-11-17,,183.49,
2016-11-18,,190.65,
2016-11-21,,185.04,
2016-11-22,,185.84,
2016-11-23,,190.61,
2016-11-25,,193.64,
2016-11-28,,195.48,
2016-11-29,,195.56,
2016-11-30,,191.0,
2016-12-01,,188.25,
2016-12-02,,182.88,
2016-12-05,,182.51,
2016-12-06,,185.52,
2016-12-07,,186.15,
2016-12-08,,192.05,
2016-12-09,,190.87,
2016-12-12,,192.8,
2016-12-13,,193.18,
2016-12-14,,198.74,
2016-12-15,,198.41,
2016-12-16,,198.08,
2016-12-19,,202.49,
2016-12-20,,203.05,
2016-12-21,,208.45,
2016-12-22,,208.22,
2016-12-23,,208.0,
2016-12-27,,214.88,
2016-12-28,,221.53,
2016-12-29,,218.56,
2016-12-30,,216.3,
2017-01-03,,214.86,
2017-01-04,,214.75,
2017-01-05,,226.42,
2017-01-06,,226.93,
2017-01-09,,228.97,
2017-01-10,,232.0,
2017-01-11,,229.07,
2017-01-12,,229.06,
2017-01-13,,230.0,
2017-01-17,,236.7,
2017-01-18,,236.65,
2017-01-19,,247.25,
2017-01-20,,245.46,
2017-01-23,,245.85,
2017-01-24,,250.0,
2017-01-25,,257.31,
2017-01-26,,254.29,
2017-01-27,,251.38,
2017-01-30,,252.53,
2017-01-31,,249.24,
2017-02-01,,253.05,
2017-02-02,,248.34,
2017-02-03,,251.91,
2017-02-06,,251.0,
2017-02-07,,258.19,
2017-02-08,,257.35,
2017-02-09,,266.25,
2017-02-10,,269.79,
2017-02-13,,270.74,
2017-02-14,,279.03,
2017-02-15,,280.0,
2017-02-16,,277.6,
2017-02-17,,265.8,
2017-02-21,,275.45,
2017-02-22,,280.31,
2017-02-23,,264.0,
2017-02-24,,252.66,
2017-02-27,,248.17,
2017-02-28,,244.19,
2017-03-01,,254.18,
2017-03-02,,249.71,
2017-03-03,,250.74,
2017-03-06,,247.91,
2017-03-07,,251.92,
2017-03-08,,247.0,
2017-03-09,,247.63,
2017-03-10,,246.21,
2017-03-13,,244.82,
2017-03-14,,246.11,
2017-03-15,,257.0,
2017-03-16,,262.4,
2017-03-17,,264.0,
2017-03-20,,260.6,
2017-03-21,,262.83,
2017-03-22,,251.56,
2017-03-23,,255.39,
2017-03-24,,255.7,
2017-03-27,,260.6,
2017-03-28,,277.02,
2017-03-29,,278.34,
2017-03-30,,278.04,
2017-03-31,,278.73,
2017-04-03,,286.9,
2017-04-04,,296.89,
2017-04-05,,302.04,
2017-04-06,,296.88,
2017-04-07,,297.5,
2017-04-10,,309.15,
2017-04-11,,313.38,
2017-04-12,,306.34,
2017-04-13,,296.7,
2017-04-17,,302.7,
2017-04-18,,299.7,
2017-04-19,,302.46,
2017-04-20,,306.51,
2017-04-21,,302.0,
2017-04-24,,309.22,
2017-04-25,,308.0,
2017-04-26,,312.37,
2017-04-27,,311.69,
2017-04-28,,309.83,
2017-05-01,,314.88,
2017-05-02,,324.0,
2017-05-03,,317.67,
2017-05-04,,307.44,
2017-05-05,,298.0,
2017-05-08,,310.9,
2017-05-09,,309.38,
2017-05-10,,321.56,
2017-05-11,,323.4,
2017-05-12,,325.48,
2017-05-15,,318.38,
2017-05-16,,317.59,
2017-05-17,,314.39,
2017-05-18,,307.0,
2017-05-19,,315.5,
2017-05-22,,312.8,
2017-05-23,,310.46,
2017-05-24,,306.51,
2017-05-25,,311.02,
2017-05-26,,317.28,
2017-05-30,,326.0,
2017-05-31,,337.69,
2017-06-01,,344.0,
2017-06-02,,339.77,
2017-06-05,,338.5,
2017-06-06,,344.7,
2017-06-07,,356.34,
2017-06-08,,363.75,
2017-06-09,,374.42,
2017-06-12,,357.99,
2017-06-13,,367.62,
2017-06-14,,381.09,
2017-06-15,,372.5,
2017-06-16,,377.98,
2017-06-19,,375.0,
2017-06-20,,376.67,
2017-06-21,,374.35,
2017-06-22,,377.99,
2017-06-23,,382.45,
2017-06-26,,386.69,
2017-06-27,,376.4,
2017-06-28,,366.68,
2017-06-29,,370.61,
2017-06-30,,363.71,
2017-07-03,,370.24,
2017-07-05,,347.2,
2017-07-06,,317.26,
2017-07-07,,313.5,
2017-07-10,,312.9,
2017-07-11,,316.0,
2017-07-12,,330.4,
2017-07-13,,330.11,
2017-07-14,,323.19,
2017-07-17,,325.54,
2017-07-18,,317.5,
2017-07-19,,328.23,
2017-07-20,,326.9,
2017-07-21,,329.46,
2017-07-24,,330.24,
2017-07-25,,345.0,
2017-07-26,,340.36,
2017-07-27,,346.0,
2017-07-28,,336.89,
2017-07-31,,335.5,
2017-08-01,,323.0,
2017-08-02,,318.94,
2017-08-03,,345.33,
2017-08-04,,347.0,
2017-08-07,,357.35,
2017-08-08,,357.53,
2017-08-09,,361.0,
2017-08-10,,361.6,
2017-08-11,,356.97,
2017-08-14,,364.63,
2017-08-15,,365.2,
2017-08-16,,363.0,
2017-08-17,,361.21,
2017-08-18,,352.91,
2017-08-21,,345.82,
2017-08-22,,341.13,
2017-08-23,,338.99,
2017-08-24,,352.52,
2017-08-25,,354.24,
2017-08-28,,347.28,
2017-08-29,,339.48,
2017-08-30,,349.67,
2017-08-31,,353.55,
2017-09-01,,356.12,
2017-09-05,,353.8,
2017-09-06,,349.5,
2017-09-07,,345.98,
2017-09-08,,348.99,
2017-09-11,,351.35,
2017-09-12,,364.49,
2017-09-13,,363.82,
2017-09-14,,364.33,
2017-09-15,,374.51,
2017-09-18,,380.25,
2017-09-19,,380.0,
2017-09-20,,373.0,
2017-09-21,,374.9,
2017-09-22,,366.49,
2017-09-25,,353.15,
2017-09-26,,350.93,
2017-09-27,,349.9,
2017-09-28,,339.88,
2017-09-29,,341.86,
2017-10-02,,342.52,
2017-10-03,,335.9,
2017-10-04,,351.25,
2017-10-05,,356.0,
2017-10-06,,353.1,
2017-10-09,,349.65,
2017-10-10,,346.8,
2017-10-11,,353.89,
2017-10-12,,352.95,
2017-10-13,,356.98,
2017-10-16,,353.76,
2017-10-17,,350.91,
2017-10-18,,355.97,
2017-10-19,,355.56,
2017-10-20,,352.69,
2017-10-23,,349.88,
2017-10-24,,338.8,
2017-10-25,,336.7,
2017-10-26,,327.78,
2017-10-27,,319.75,
2017-10-30,,319.18,
2017-10-31,,320.23,
2017-11-01,,332.25,
2017-11-02,,300.13,
2017-11-03,,299.5,
2017-11-06,,307.0,
2017-11-07,,301.02,
2017-11-08,,305.5,
2017-11-09,,302.5,
2017-11-10,,302.5,
2017-11-13,,300.13,
2017-11-14,,315.0,
2017-11-15,,306.01,
2017-11-16,,313.99,
2017-11-17,,325.67,
2017-11-20,,313.79,
2017-11-21,,310.86,
2017-11-22,,316.77,
2017-11-24,,313.79,
2017-11-27,,313.25,
2017-11-28,,316.36,
2017-11-29,,317.3,
2017-11-30,,308.56,
2017-12-01,,305.44,
2017-12-04,,306.5,
2017-12-05,,302.0,
2017-12-06,,300.1,
2017-12-07,,312.0,
2017-12-08,,314.6,
2017-12-11,,314.63,
2017-12-12,,330.45,
2017-12-13,,340.93,
2017-12-14,,341.01,
2017-12-15,,342.04,
2017-12-18,,344.9,
2017-12-19,,340.26,
2017-12-20,,332.69,
2017-12-21,,329.59,
2017-12-22,,329.51,
2017-12-26,,323.83,
2017-12-27,,316.0,
2017-12-28,,311.75,
2017-12-29,,316.18,
2018-01-02,,312.0,
2018-01-03,,321.0,
2018-01-04,,312.87,
2018-01-05,,316.62,
2018-01-08,,316.0,
2018-01-09,,335.16,
2018-01-10,,332.2,
2018-01-11,,335.24,
2018-01-12,,338.63,
2018-01-16,,337.54,
2018-01-17,,340.47,
2018-01-18,,345.67,
2018-01-19,,345.0,
2018-01-22,,349.4,
2018-01-23,,360.0,
2018-01-24,,354.58,
2018-01-25,,348.27,
2018-01-26,,341.5,
2018-01-29,,339.85,
2018-01-30,,345.14,
2018-01-31,,347.51,
2018-02-01,,351.0,
2018-02-02,,348.44,
2018-02-05,,337.97,
2018-02-06,,325.21,
2018-02-07,,338.99,
2018-02-08,,343.31,
2018-02-09,,319.93,
2018-02-12,,316.13,
2018-02-13,,315.02,
2018-02-14,,320.84,
2018-02-15,,324.5,
2018-02-16,,332.5,
2018-02-20,,334.47,
2018-02-21,,336.03,
2018-02-22,,335.53,
2018-02-23,,347.83,
2018-02-26,,353.5,
2018-02-27,,356.25,
2018-02-28,,352.57,
2018-03-01,,345.01,
2018-03-02,,326.98,
2018-03-05,,332.39,
2018-03-06,,333.75,
2018-03-07,,325.44,
2018-03-08,,332.86,
2018-03-09,,324.1,
2018-03-12,,328.61,
2018-03-13,,328.61,
2018-03-14,,336.76,
2018-03-15,,329.38,
2018-03-16,,322.93,
2018-03-19,,316.5,
2018-03-20,,314.87,
2018-03-21,,310.25,
2018-03-22,,313.89,
2018-03-23,,311.25,
2018-03-26,,307.34,
2018-03-27,,304.0,
2018-03-28,,264.58,
2018-03-29,,256.49,
2018-04-02,,256.26,
2018-04-03,,269.82,
2018-04-04,,252.78,
2018-04-05,,289.34,
2018-04-06,,301.0,
2018-04-09,,300.37,
2018-04-10,,298.97,
2018-04-11,,300.74,
2018-04-12,,302.32,
2018-04-13,,303.6,
2018-04-16,,299.0,
2018-04-17,,288.87,
2018-04-18,,291.08,
2018-04-19,,291.08,
2018-04-20,,295.17,
2018-04-23,,291.29,
2018-04-24,,285.0,
2018-04-25,,283.5,
2018-04-26,,278.75,
2018-04-27,,285.37,
2018-04-30,,293.61,
2018-05-01,,293.51,
2018-05-02,,298.57,
2018-05-03,,278.79,
2018-05-04,,283.0,
2018-05-07,,297.5,
2018-05-08,,300.8,
2018-05-09,,300.41,
2018-05-10,,307.5,
2018-05-11,,307.7,
2018-05-14,,303.32,
2018-05-15,,285.01,
2018-05-16,,283.83,
2018-05-17,,285.9,
2018-05-18,,284.65,
2018-05-21,,281.33,
2018-05-22,,287.76,
2018-05-23,,277.76,
2018-05-24,,278.4,
2018-05-25,,277.63,
2018-05-29,,278.51,
2018-05-30,,283.29,
2018-05-31,,287.21,
2018-06-01,,285.86,
2018-06-04,,294.34,
2018-06-05,,297.7,
2018-06-06,,300.5,
2018-06-07,,316.15,
2018-06-08,,319.0,
2018-06-11,,322.51,
2018-06-12,,344.7,
2018-06-13,,346.71,
2018-06-14,,347.63,
2018-06-15,,353.84,
2018-06-18,,355.4,
2018-06-19,,365.16,
2018-06-20,,358.04,
2018-06-21,,362.0,
2018-06-22,,351.54,
2018-06-25,,330.12,
2018-06-26,,336.05,
2018-06-27,,345.0,
2018-06-28,,348.66,
2018-06-29,,353.33,
2018-07-02,,360.07,
2018-07-03,,331.75,
2018-07-05,,313.76,
2018-07-06,,304.95,
2018-07-09,,311.99,
2018-07-10,,324.56,
2018-07-11,,315.8,
2018-07-12,,321.43,
2018-07-13,,315.58,
2018-07-16,,311.71,
2018-07-17,,308.81,
2018-07-18,,325.0,
2018-07-19,,316.33,
2018-07-20,,321.23,
2018-07-23,,301.84,
2018-07-24,,304.42,
2018-07-25,,296.74,
2018-07-26,,304.85,
2018-07-27,,307.25,
2018-07-30,,295.9,
2018-07-31,,292.25,
2018-08-01,,297.99,
2018-08-02,,328.44,
2018-08-03,,347.81,
2018-08-06,,345.46,
2018-08-07,,343.84,
2018-08-08,,369.09,
2018-08-09,,365.55,
2018-08-10,,354.0,
2018-08-13,,361.13,
2018-08-14,,358.45,
2018-08-15,,341.91,
2018-08-16,,339.91,
2018-08-17,,323.5,
2018-08-20,,291.7,
2018-08-21,,310.61,
2018-08-22,,320.87,
2018-08-23,,319.14,
2018-08-24,,320.7,
2018-08-27,,318.0,
2018-08-28,,318.41,
2018-08-29,,310.27,
2018-08-30,,302.26,
2018-08-31,,302.0,
2018-09-04,,296.94,
2018-09-05,,285.05,
2018-09-06,,284.8,
2018-09-07,,260.1,
2018-09-10,,273.26,
2018-09-11,,279.47,
2018-09-12,,281.44,
2018-09-13,,288.02,
2018-09-14,,288.76,
2018-09-17,,290.04,
2018-09-18,,296.69,
2018-09-19,,280.51,
2018-09-20,,303.56,
2018-09-21,,297.7,
2018-09-24,,298.48,
2018-09-25,,300.0,
2018-09-26,,301.91,
2018-09-27,,312.9,
2018-09-28,,270.26,
2018-10-01,,305.77,
2018-10-02,,313.95,
2018-10-03,,303.33,
2018-10-04,,293.95,
2018-10-05,,274.65,
2018-10-08,,264.52,
2018-10-09,,255.25,
2018-10-10,,264.61,
2018-10-11,,257.53,
2018-10-12,,261.0,
2018-10-15,,259.06,
2018-10-16,,265.7,
2018-10-17,,282.4,
2018-10-18,,269.29,
2018-10-19,,267.39,
2018-10-22,,260.68,
2018-10-23,,263.87,
2018-10-24,,301.05,
2018-10-25,,317.22,
2018-10-26,,308.25,
2018-10-29,,337.47,
2018-10-30,,328.39,
2018-10-31,,332.54,
2018-11-01,,338.26,
2018-11-02,,343.74,
2018-11-05,,340.5,
2018-11-06,,339.07,
2018-11-07,,343.34,
2018-11-08,,348.5,
2018-11-09,,349.0,
2018-11-12,,348.37,
2018-11-13,,333.16,
2018-11-14,,342.7,
2018-11-15,,342.33,
2018-11-16,,345.19,
2018-11-19,,356.34,
2018-11-20,,341.75,
2018-11-21,,352.0,
2018-11-23,,334.35,
2018-11-26,,325.0,
2018-11-27,366.6,,340.05
2018-11-28,364.81,,345.99
2018-11-29,364.54,,347.0
2018-11-30,365.21,,341.83
2018-12-03,365.66,,360.0
2018-12-04,368.26,,356.05
2018-12-06,371.11,,356.01
2018-12-07,373.8,,369.0
2018-12-10,377.73,,360.0
2018-12-11,380.66,,369.91
2018-12-12,384.03,,369.42
2018-12-13,387.12,,370.15
2018-12-14,389.79,,375.0
2018-12-17,392.54,,362.0
2018-12-18,393.33,,350.54
2018-12-19,391.6,,337.6
2018-12-20,387.17,,327.05
2018-12-21,380.57,,317.4
2018-12-24,372.42,,313.5
2018-12-26,363.95,,300.0
2018-12-27,354.62,,319.84
2018-12-28,348.45,,323.1
2018-12-31,344.99,,337.79
2019-01-02,345.18,,306.1
2019-01-03,343.3,,307.0
2019-01-04,340.83,,306.0
2019-01-07,338.21,,321.72
2019-01-08,337.78,,341.96
2019-01-09,341.03,,335.5
2019-01-10,344.95,,334.4
2019-01-11,348.69,,342.09
2019-01-14,352.87,,342.38
2019-01-15,356.8,,335.0
2019-01-16,359.22,,344.78
2019-01-17,361.8,,346.21
2019-01-18,364.3,,323.0
2019-01-22,363.52,,304.82
2019-01-23,358.93,,292.5
2019-01-24,351.4,,283.03
2019-01-25,342.05,,294.39
2019-01-28,334.24,,292.91
2019-01-29,327.91,,295.27
2019-01-30,323.37,,300.45
2019-01-31,320.96,,301.0
2019-02-01,320.0,,305.42
2019-02-04,320.5,,312.98
2019-02-05,322.64,,312.49
2019-02-06,325.34,,319.59
2019-02-07,328.92,,313.3
2019-02-08,331.75,,306.83
2019-02-11,333.09,,311.6
2019-02-12,334.09,,316.2
2019-02-13,335.35,,312.35
2019-02-14,336.09,,303.38
2019-02-15,335.35,,304.5
2019-02-19,334.09,,306.56
2019-02-20,332.95,,304.41
2019-02-21,331.7,,301.81
2019-02-22,330.23,,294.49
2019-02-25,327.91,,297.91
2019-02-26,325.86,,292.22
2019-02-27,323.46,,301.78
2019-02-28,322.37,,318.92
2019-03-01,324.18,,306.94
2019-03-04,325.77,,298.12
2019-03-05,326.03,,282.0
2019-03-06,323.59,,276.48
2019-03-07,319.41,,278.84
2019-03-08,315.07,,276.91
2019-03-11,310.91,,283.52
2019-03-12,308.12,,286.49
2019-03-13,306.72,,283.9
2019-03-14,305.89,,292.45
2019-03-15,306.54,,283.51
2019-03-18,306.76,,276.0
2019-03-19,305.85,,267.5
2019-03-20,303.44,,269.69
2019-03-21,300.8,,272.6
2019-03-22,298.69,,272.58
2019-03-25,297.08,,259.71
2019-03-26,294.34,,264.44
2019-03-27,291.94,,268.75
2019-03-28,290.5,,277.16
2019-03-29,290.75,,278.7
2019-04-01,292.04,,282.62
2019-04-02,294.2,,288.3
2019-04-03,297.28,,287.32
2019-04-04,300.36,,261.89
2019-04-05,299.96,,269.86
2019-04-08,298.84,,277.69
2019-04-09,298.38,,271.65
2019-04-10,297.54,,276.74
2019-04-11,297.23,,268.3
2019-04-12,296.19,,270.22
2019-04-15,295.13,,268.63
2019-04-16,293.99,,265.75
2019-04-17,292.58,,274.75
2019-04-18,292.3,,271.23
2019-04-22,292.19,,269.0
2019-04-23,291.93,,260.15
2019-04-24,290.54,,263.85
2019-04-25,289.2,,255.0
2019-04-26,286.94,,246.5
2019-04-29,283.44,,235.86
2019-04-30,278.41,,242.06
2019-05-01,273.93,,238.85
2019-05-02,269.84,,245.52
2019-05-03,267.23,,243.86
2019-05-06,265.49,,250.02
2019-05-07,265.17,,256.8
2019-05-08,266.45,,246.94
2019-05-09,267.24,,242.0
2019-05-10,267.11,,239.75
2019-05-13,266.25,,232.01
2019-05-14,264.17,,229.3
2019-05-15,261.37,,229.32
2019-05-16,258.5,,229.49
2019-05-17,255.93,,221.96
2019-05-20,252.9,,202.8
2019-05-21,247.68,,197.76
2019-05-22,241.33,,199.1
2019-05-23,235.26,,194.34
2019-05-24,229.45,,199.83
2019-05-28,225.1,,191.2
2019-05-29,220.96,,187.1
2019-05-30,216.95,,188.75
2019-05-31,213.67,,185.1
2019-06-03,210.71,,185.51
2019-06-04,208.31,,181.1
2019-06-05,205.96,,198.68
2019-06-06,206.0,,204.44
2019-06-07,207.97,,205.0
2019-06-10,210.8,,210.25
2019-06-11,214.42,,219.14
2019-06-12,219.1,,222.95
2019-06-13,224.27,,210.38
2019-06-14,227.59,,211.25
2019-06-17,229.69,,215.48
2019-06-18,231.39,,228.72
2019-06-19,234.25,,225.11
2019-06-20,236.93,,223.0
2019-06-21,238.95,,216.22
2019-06-24,239.59,,223.24
2019-06-25,240.26,,224.39
2019-06-26,240.99,,220.31
2019-06-27,241.17,,219.45
2019-06-28,240.93,,220.99
2019-07-01,240.69,,230.21
2019-07-02,241.58,,228.89
2019-07-03,242.78,,239.39
2019-07-05,245.3,,234.57
2019-07-08,247.62,,231.24
2019-07-09,249.2,,228.97
2019-07-10,249.94,,234.15
2019-07-11,250.78,,238.14
2019-07-12,252.05,,239.75
2019-07-15,253.58,,248.0
2019-07-16,256.08,,249.3
2019-07-17,258.95,,255.67
2019-07-18,262.46,,255.05
2019-07-19,265.83,,255.69
2019-07-22,268.82,,258.75
2019-07-23,271.64,,256.71
2019-07-24,273.79,,259.17
2019-07-25,275.64,,233.5
2019-07-26,273.99,,226.92
2019-07-29,269.94,,227.09
2019-07-30,265.11,,232.9
2019-07-31,261.1,,243.0
2019-08-01,259.18,,242.65
2019-08-02,258.53,,231.35
2019-08-05,257.26,,229.6
2019-08-06,255.64,,231.88
2019-08-07,254.31,,226.5
2019-08-08,252.64,,234.45
2019-08-09,251.95,,236.05
2019-08-12,252.04,,232.99
2019-08-13,252.17,,228.81
2019-08-14,251.8,,231.21
2019-08-15,251.53,,220.86
2019-08-16,250.08,,216.66
2019-08-19,247.69,,224.21
2019-08-20,245.98,,227.62
2019-08-21,245.22,,222.01
2019-08-22,244.36,,222.8
2019-08-23,243.66,,219.97
2019-08-26,242.78,,213.6
2019-08-27,241.14,,215.74
2019-08-28,239.56,,213.69
2019-08-29,237.94,,219.0
2019-08-30,237.11,,229.15
2019-09-03,238.02,,224.08
2019-09-04,239.1,,226.89
2019-09-05,240.52,,222.5
2019-09-06,241.42,,227.2
2019-09-09,242.53,,230.0
2019-09-10,243.94,,230.8
2019-09-11,245.45,,237.38
2019-09-12,247.62,,247.7
2019-09-13,251.13,,246.96
2019-09-16,254.85,,246.0
2019-09-17,258.13,,242.47
2019-09-18,260.39,,245.0
2019-09-19,262.16,,246.0
2019-09-20,263.58,,246.49
2019-09-23,264.69,,240.0
2019-09-24,264.73,,241.52
2019-09-25,264.38,,224.56
2019-09-26,261.81,,230.66
2019-09-27,259.13,,242.2
2019-09-30,258.06,,243.0
2019-10-01,258.04,,241.5
2019-10-02,258.4,,243.29
2019-10-03,259.14,,231.86
2019-10-04,258.63,,231.61
2019-10-07,257.52,,229.8
2019-10-08,256.0,,235.87
2019-10-09,255.17,,241.32
2019-10-10,255.44,,245.28
2019-10-11,256.74,,247.15
2019-10-14,258.66,,247.9
2019-10-15,260.78,,257.7
2019-10-16,263.96,,257.39
2019-10-17,267.29,,262.5
2019-10-18,270.94,,260.7
2019-10-21,274.12,,258.33
2019-10-22,276.39,,254.32
2019-10-23,277.45,,254.5
2019-10-24,277.76,,298.37
2019-10-25,282.99,,297.72
2019-10-28,290.03,,327.54
2019-10-29,300.91,,319.99
2019-10-30,311.57,,313.0
2019-10-31,320.06,,313.1
2019-11-01,326.46,,316.32
2019-11-04,331.4,,314.8
2019-11-05,334.78,,319.62
2019-11-06,337.54,,318.0
2019-11-07,339.41,,329.14
2019-11-08,341.97,,334.5
2019-11-11,345.22,,343.95
2019-11-12,349.61,,346.9
2019-11-13,354.44,,355.0
2019-11-14,359.94,,346.11
2019-11-15,364.01,,350.64
2019-11-18,367.47,,352.92
2019-11-19,370.48,,351.75
2019-11-20,372.73,,360.0
2019-11-21,375.37,,354.51
2019-11-22,377.17,,340.16
2019-11-25,376.53,,344.32
2019-11-26,375.29,,335.27
2019-11-27,372.7,,331.12
2019-11-29,369.23,,331.11
2019-12-02,365.71,,329.4
2019-12-03,362.37,,332.62
2019-12-04,359.92,,337.75
2019-12-05,358.86,,332.83
2019-12-06,358.03,,335.0
2019-12-09,357.73,,336.59
2019-12-10,357.95,,339.96
2019-12-11,358.84,,351.88
2019-12-12,361.47,,354.92
2019-12-13,365.06,,361.05
2019-12-16,369.5,,362.55
2019-12-17,374.04,,378.99
2019-12-18,380.18,,380.63
2019-12-19,386.58,,397.32
2019-12-20,394.48,,410.29
2019-12-23,403.81,,411.78
2019-12-24,412.92,,418.36
2019-12-26,421.67,,427.91
2019-12-27,430.39,,435.0
2019-12-30,438.9,,428.79
2019-12-31,445.44,,405.0
2020-01-02,447.13,,424.5
2020-01-03,448.71,,440.5
2020-01-06,451.97,,440.47
2020-01-07,455.59,,461.4
2020-01-08,461.68,,473.7
2020-01-09,469.81,,497.1
2020-01-10,481.01,,481.79
2020-01-13,490.34,,493.5
2020-01-14,499.23,,544.26
2020-01-15,513.41,,529.76
2020-01-16,526.36,,493.75
2020-01-17,532.47,,507.61
2020-01-21,536.38,,530.25
2020-01-22,541.53,,571.89
2020-01-23,552.01,,564.25
2020-01-24,562.63,,570.63
2020-01-27,572.96,,541.99
2020-01-28,577.99,,568.49
2020-01-29,583.45,,575.69
2020-01-30,589.17,,632.42
2020-01-31,601.86,,640.0
2020-02-03,617.13,,673.69
2020-02-04,636.35,,882.96
2020-02-05,683.57,,823.26
2020-02-06,729.08,,699.92
2020-02-07,751.45,,730.55
2020-02-10,764.82,,800.0
2020-02-11,781.07,,768.79
2020-02-12,791.4,,777.87
2020-02-13,798.96,,741.84
2020-02-14,798.93,,787.22
2020-02-18,801.75,,841.6
2020-02-19,812.57,,923.5
2020-02-20,836.8,,911.95
2020-02-21,862.02,,906.98
2020-02-24,883.96,,839.0
2020-02-25,891.89,,849.0
2020-02-26,894.12,,782.5
2020-02-27,883.64,,730.0
2020-02-28,861.69,,629.7
2020-03-02,823.54,,711.26
2020-03-03,794.61,,805.0
2020-03-04,785.69,,763.96
2020-03-05,781.21,,723.77
2020-03-06,774.69,,690.0
2020-03-09,763.95,,605.39
2020-03-10,741.36,,659.43
2020-03-11,724.03,,640.2
2020-03-12,708.28,,580.89
2020-03-13,687.52,,595.0
2020-03-16,669.4,,469.5
2020-03-17,637.91,,440.01
2020-03-18,600.93,,389.0
2020-03-19,559.2,,374.7
2020-03-20,518.64,,438.2
2020-03-23,491.79,,433.6
2020-03-24,474.15,,477.3
2020-03-25,469.16,,545.25
2020-03-26,480.03,,547.39
2020-03-27,497.9,,505.0
2020-03-30,511.87,,510.26
2020-03-31,523.2,,501.25
2020-04-01,530.56,,504.0
2020-04-02,535.38,,481.03
2020-04-03,535.17,,509.5
2020-04-06,536.23,,511.2
2020-04-07,537.74,,545.0
2020-04-08,543.69,,554.2
2020-04-09,552.12,,562.09
2020-04-13,561.78,,590.16
2020-04-14,574.56,,698.97
2020-04-15,601.76,,742.0
2020-04-16,638.04,,716.94
2020-04-17,670.71,,772.28
2020-04-20,705.27,,732.7
2020-04-21,730.34,,730.12
2020-04-22,747.39,,703.98
2020-04-23,754.48,,727.6
2020-04-24,759.06,,710.81
2020-04-27,759.04,,737.61
2020-04-28,760.48,,795.64
2020-04-29,770.12,,790.17
2020-04-30,781.21,,855.19
2020-05-01,800.76,,755.0
2020-05-04,807.32,,701.0
2020-05-05,800.29,,789.79
2020-05-06,800.27,,776.5
2020-05-07,800.73,,777.21
2020-05-08,801.66,,793.77
2020-05-11,804.99,,790.51
2020-05-12,808.48,,827.0
2020-05-13,816.75,,820.83
2020-05-14,825.07,,780.0
2020-05-15,826.77,,790.35
2020-05-18,826.93,,827.78
2020-05-19,831.34,,815.17
2020-05-20,835.06,,820.5
2020-05-21,838.89,,816.0
2020-05-22,841.58,,822.17
